PositionX,PositionY,PositionZ
0.2713509,1.285008,1.463337
0.2728748,1.279634,1.446087
0.2739925,1.278949,1.43277
0.2759495,1.278504,1.416958
0.2769718,1.278028,1.400211
0.27701,1.276619,1.383972
0.2771053,1.273793,1.36787
0.27672,1.27107,1.350658
0.2761402,1.270056,1.334389
0.2749195,1.268609,1.316921
0.2730732,1.26652,1.299141
